{
  "option2_change": {
    "target_col": "sora_fwd_10d_change",
    "description": "Future SORA change over 10 SGX trading rows",
    "signed_target": true,
    "winner": "optuna",
    "optuna_summary": {
      "label": "optuna",
      "target_col": "sora_fwd_10d_change",
      "r2": 0.1927406134939713,
      "mse": 0.06389051203874549,
      "rmse": 0.25276572560128774,
      "mae": 0.2085761588720581,
      "accuracy": 0.6794871794871795,
      "precision": 0.5925925925925926,
      "recall": 0.7384615384615385,
      "f1": 0.6575342465753424,
      "auc": 0.7340659340659341,
      "pred_std": 0.17699415981769562,
      "pred_positive_rate": 0.5192307692307693,
      "gamma": 0.36152531790324494
    },
    "deap_summary": {
      "label": "deap",
      "target_col": "sora_fwd_10d_change",
      "r2": 0.25223709045841014,
      "mse": 0.05918166573568545,
      "rmse": 0.24327282161327732,
      "mae": 0.19603040711805944,
      "accuracy": 0.6923076923076923,
      "precision": 0.6307692307692307,
      "recall": 0.6307692307692307,
      "f1": 0.6307692307692307,
      "auc": 0.7468300929839392,
      "pred_std": 0.17460006475448608,
      "pred_positive_rate": 0.4166666666666667,
      "gamma": 0.5
    },
    "winner_params": {
      "gamma": 0.36152531790324494,
      "n_estimators": 350,
      "max_depth": 2,
      "learning_rate": 0.06737862136520323,
      "min_child_weight": 4.0044071831713834,
      "subsample": 0.9193097430474141,
      "colsample_bytree": 0.9546164904043825,
      "reg_alpha": 0.006801442946870292,
      "reg_lambda": 2.343529075847652
    }
  }
}