{
  "label": "deap",
  "target_col": "sora_fwd_10d_change",
  "r2": 0.25223709045841014,
  "mse": 0.05918166573568545,
  "rmse": 0.24327282161327732,
  "mae": 0.19603040711805944,
  "accuracy": 0.6923076923076923,
  "precision": 0.6307692307692307,
  "recall": 0.6307692307692307,
  "f1": 0.6307692307692307,
  "auc": 0.7468300929839392,
  "pred_std": 0.17460006475448608,
  "pred_positive_rate": 0.4166666666666667,
  "gamma": 0.5
}