{
  "label": "deap",
  "target_col": "sora_fwd_15d_change",
  "r2": 0.19780694269608712,
  "mse": 0.07013877278867559,
  "rmse": 0.26483725717631873,
  "mae": 0.2095211999897284,
  "accuracy": 0.7051282051282052,
  "precision": 0.65625,
  "recall": 0.6363636363636364,
  "f1": 0.6461538461538462,
  "auc": 0.7513468013468013,
  "pred_std": 0.11789106577634811,
  "pred_positive_rate": 0.41025641025641024,
  "gamma": 0.0
}