fold,baseline,r2,mse,rmse,mae,accuracy,precision,recall,f1,auc
1,train_mean,-0.017146091111942985,0.08893292945860315,0.2982162461345846,0.24856560926840743,0.5769230769230769,0.0,0.0,0.0,0.5
1,zero_baseline,-0.03675529390183985,0.09064743621794871,0.3010771266933918,0.2509442307692308,0.5769230769230769,0.0,0.0,0.0,0.5
