{
  "label": "optuna",
  "target_col": "sora_fwd_15d_change",
  "r2": 0.20293668351227134,
  "mse": 0.06969026014911177,
  "rmse": 0.2639891288464579,
  "mae": 0.2111227424607666,
  "accuracy": 0.7243589743589743,
  "precision": 0.6619718309859155,
  "recall": 0.7121212121212122,
  "f1": 0.6861313868613139,
  "auc": 0.7743265993265992,
  "pred_std": 0.10387830436229706,
  "pred_positive_rate": 0.4551282051282051,
  "gamma": 0.5745042216134131
}