model_name,label_accuracy,macro_f1,mcc,continuous_mae,continuous_rmse
distress_baseline,0.3571921749136939,0.3553068914859687,0.05380475419726098,0.3533661403927847,0.474727954693542
distress_score_mamdani,0.5562715765247411,0.5294215795588502,0.2968996217909736,0.3100359806327791,0.36348639306059644
distress_score_refi,0.28162639048715,0.28166161481008917,0.22613557572023354,0.36375545780299423,0.5175024940802636
final_distress,0.5213655542769466,0.5187820811537024,0.2919071095901232,0.2724093049475517,0.3294821389257434
