{
  "option2_change": {
    "target_col": "sora_fwd_10d_change",
    "description": "Future SORA change over 10 SGX trading rows",
    "signed_target": true,
    "winner": "optuna",
    "optuna_summary": {
      "label": "optuna",
      "target_col": "sora_fwd_10d_change",
      "r2": 0.1927406134939713,
      "mse": 0.06389051203874549,
      "rmse": 0.25276572560128774,
      "mae": 0.2085761588720581,
      "accuracy": 0.6794871794871795,
      "precision": 0.5925925925925926,
      "recall": 0.7384615384615385,
      "f1": 0.6575342465753424,
      "auc": 0.7340659340659341,
      "pred_std": 0.17699415981769562,
      "pred_positive_rate": 0.5192307692307693,
      "gamma": 0.36152531790324494
    },
    "deap_summary": {
      "label": "deap",
      "target_col": "sora_fwd_10d_change",
      "r2": 0.19189135148885506,
      "mse": 0.06395772684636361,
      "rmse": 0.2528986493565428,
      "mae": 0.21124144016195998,
      "accuracy": 0.6538461538461539,
      "precision": 0.5662650602409639,
      "recall": 0.7230769230769231,
      "f1": 0.6351351351351351,
      "auc": 0.7218934911242604,
      "pred_std": 0.13992993533611298,
      "pred_positive_rate": 0.532051282051282,
      "gamma": 0.0
    },
    "winner_params": {
      "gamma": 0.36152531790324494,
      "n_estimators": 350,
      "max_depth": 2,
      "learning_rate": 0.06737862136520323,
      "min_child_weight": 4.0044071831713834,
      "subsample": 0.9193097430474141,
      "colsample_bytree": 0.9546164904043825,
      "reg_alpha": 0.006801442946870292,
      "reg_lambda": 2.343529075847652
    }
  }
}