{
  "label": "deap",
  "target_col": "sora_fwd_10d_change",
  "r2": 0.19189135148885506,
  "mse": 0.06395772684636361,
  "rmse": 0.2528986493565428,
  "mae": 0.21124144016195998,
  "accuracy": 0.6538461538461539,
  "precision": 0.5662650602409639,
  "recall": 0.7230769230769231,
  "f1": 0.6351351351351351,
  "auc": 0.7218934911242604,
  "pred_std": 0.13992993533611298,
  "pred_positive_rate": 0.532051282051282,
  "gamma": 0.0
}