{
  "label": "optuna",
  "target_col": "sora_fwd_10d_change",
  "r2": 0.1927406134939713,
  "mse": 0.06389051203874549,
  "rmse": 0.25276572560128774,
  "mae": 0.2085761588720581,
  "accuracy": 0.6794871794871795,
  "precision": 0.5925925925925926,
  "recall": 0.7384615384615385,
  "f1": 0.6575342465753424,
  "auc": 0.7340659340659341,
  "pred_std": 0.17699415981769562,
  "pred_positive_rate": 0.5192307692307693,
  "gamma": 0.36152531790324494
}