fold,baseline,r2,mse,rmse,mae,accuracy,precision,recall,f1,auc
1,train_mean,-0.017557207911961914,0.08053452474996514,0.28378605453750744,0.24180970477534694,0.5833333333333334,0.0,0.0,0.0,0.5
1,zero_baseline,-0.024639239508087663,0.08109503185897436,0.28477189443302575,0.24288012820512825,0.5833333333333334,0.0,0.0,0.0,0.5
